{"cameraMode":{"drawMode":0,"name":"Shaded","section":"Shading Mode"},"sceneLighting":false,"audioPlay":false,"sceneViewState":{"showFog":true,"showMaterialUpdate":false,"showSkybox":true,"showFlares":true,"showImageEffects":true,"showParticleSystems":true},"in2DMode":false,"pivot":{"x":17.555992126464845,"y":7.084196090698242,"z":-7.0189971923828129},"rotation":{"x":-0.2292991429567337,"y":0.556450605392456,"z":-0.1632138341665268,"w":-0.7817582488059998},"size":36.38301467895508,"orthographic":false}